[
  {
  "name": "NOVAMAG_theory_ICCRAM_Fe3Ge1_#225_1",
  "properties": {
    "approach": {
      "value": "theory"
    },
    "summary": {
      "value": "AGA, crystal, energy, magnetization"
    },
    "chemistry": {
      "chemical formula": {
        "value": "Fe3Ge1"
      },
      "production info": {
        "value": "obtained by Adaptive Genetic Algorithm Structure Prediction Methods,  software USPEX+VASP"
      }
    },
    "crystal": {
      "compound space group": {
        "value": 225
      },
      "unit cell volume": {
        "value": 46.629304
      },
      "lattice parameters": {
        "value": [
          5.71355,
          5.71355,
          5.71355
        ]
      },
      "lattice angles": {
        "value": [
          90.00000,
          90.00000,
          90.00000
        ]
      },
      "atomic positions": {
        "value": [
"Fe1(8c)",
0.25000,
0.25000,
0.25000,
"Fe2(4b)",
0.50000,
0.50000,
0.50000,
"Ge1(4a)",
0.00000,
0.00000,
0.00000
]
      },
      "crystal info": {
        "value": "software VASP, k-points mesh 12x12x12, Ecut-off=410.533 eV, PAW_PBE, Fe_pv:PAW_PBE:02Aug2007, Ge:PAW_PBE:05Jan2001, Pressure=0.0 kbar,temperature=0K"
      }
    },
    "thermodynamics": {
      "unit cell energy": {
        "value": -29.68270959
      },
      "unit cell formation enthalpy": {
        "value": -0.417957
      },
      "energy info": {
        "value": "software VASP, k-points mesh 12x12x12, Ecut-off=410.533 eV, PAW_PBE, Fe_pv:PAW_PBE:02Aug2007, Ge:PAW_PBE:05Jan2001, Pressure=0.0 kbar,temperature=0K"
      },
      "interatomic potentials info": {
        "value": null
      },
      "magnetic free energy": {
        "value": null
      },
      "magnetic free energy info": {
        "value": null
      }
    },
    "magnetics": {
      "unit cell spin polarization": {
        "value": 5.625
      },
      "atomic spin specie": {
        "value": [
"1 Fe",
1.558,
"2 Fe",
1.558,
"3 Fe",
2.585,
"4 Ge",
-0.076
]
      },
      "saturation magnetization": {
        "value": 1.405
      },
      "magnetization temperature": {
        "value": 0
      },
      "magnetization info": {
        "value": "software VASP, k-points mesh 12x12x12, Ecut-off=410.533 eV, PAW_PBE, Fe_pv:PAW_PBE:02Aug2007, Ge:PAW_PBE:05Jan2001, Pressure=0.0 kbar"
      },
      "magnetocrystalline anisotropy energy": {
        "value": null
      },
      "anisotropy energy type": {
        "value": null
      },
      "magnetocrystalline anisotropy constants": {
        "value": null
      },
      "kind of anisotropy": {
        "value": null
      },
      "anisotropy info": {
        "value": null
      },
      "exchange integrals": {
        "value": null
      },
      "exchange info": {
        "value": null
      },
      "magnetic order": {
        "value": null
      },
      "curie temperature": {
        "value": null
      },
      "curie temperature info": {
        "value": null
      },
      "anisotropy field": {
        "value": null
      },
      "remanence": {
        "value": null
      },
      "coercivity": {
        "value": null
      },
      "energy product": {
        "value": null
      },
      "hysteresis info": {
        "value": null
      },
      "domain wall width": {
        "value": null
      },
      "domain wall info": {
        "value": null
      },
      "exchange stiffness": {
        "value": null
      },
      "exchange stiffness info": {
        "value": null
      }
    },
    "additional information": {
      "authors": {
        "value": ["ICCRAM"]
      },
      "reference": {
        "value": null
      },
      "comments": {
        "value": null
      },
      "attached files": {
        "value": null
      },
      "attached files info": {
        "value": null
      }
    }
  }},
  {
  "name": "NOVAMAG_theory_ICCRAM_Fe4Ge1_#166_1",
  "properties": {
    "approach": {
      "value": "theory"
    },
    "summary": {
      "value": "AGA, crystal, energy, magnetization"
    },
    "chemistry": {
      "chemical formula": {
        "value": "Fe4Ge1"
      },
      "production info": {
        "value": "obtained by Adaptive Genetic Algorithm Structure Prediction Methods,  software USPEX+VASP"
      }
    },
    "crystal": {
      "compound space group": {
        "value": 166
      },
      "unit cell volume": {
        "value": 59.021637
      },
      "lattice parameters": {
        "value": [
          4.05323,
          4.05323,
          12.44511
        ]
      },
      "lattice angles": {
        "value": [
          90.00000,
          90.00000,
          120.00000
        ]
      },
      "atomic positions": {
        "value": [
"Fe1(6c)",
0.00000,
0.00000,
0.40229,
"Fe2(6c)",
0.00000,
0.00000,
0.20348,
"Ge1(3a)",
0.00000,
0.00000,
0.00000
]
      },
      "crystal info": {
        "value": "software VASP, k-points mesh 12x12x12, Ecut-off=410.533 eV, PAW_PBE, Fe_pv:PAW_PBE:02Aug2007, Ge:PAW_PBE:05Jan2001, Pressure=0.0 kbar,temperature=0K"
      }
    },
    "thermodynamics": {
      "unit cell energy": {
        "value": -37.97769608
      },
      "unit cell formation enthalpy": {
        "value": -0.455133
      },
      "energy info": {
        "value": "software VASP, k-points mesh 12x12x12, Ecut-off=410.533 eV, PAW_PBE, Fe_pv:PAW_PBE:02Aug2007, Ge:PAW_PBE:05Jan2001, Pressure=0.0 kbar,temperature=0K"
      },
      "interatomic potentials info": {
        "value": null
      },
      "magnetic free energy": {
        "value": null
      },
      "magnetic free energy info": {
        "value": null
      }
    },
    "magnetics": {
      "unit cell spin polarization": {
        "value": 8.868
      },
      "atomic spin specie": {
        "value": [
"1 Fe",
2.118,
"2 Fe",
2.118,
"3 Fe",
2.362,
"4 Fe",
2.362,
"5 Ge",
-0.091
]
      },
      "saturation magnetization": {
        "value": 1.750
      },
      "magnetization temperature": {
        "value": 0
      },
      "magnetization info": {
        "value": "software VASP, k-points mesh 12x12x12, Ecut-off=410.533 eV, PAW_PBE, Fe_pv:PAW_PBE:02Aug2007, Ge:PAW_PBE:05Jan2001, Pressure=0.0 kbar"
      },
      "magnetocrystalline anisotropy energy": {
        "value": null
      },
      "anisotropy energy type": {
        "value": null
      },
      "magnetocrystalline anisotropy constants": {
        "value": null
      },
      "kind of anisotropy": {
        "value": null
      },
      "anisotropy info": {
        "value": null
      },
      "exchange integrals": {
        "value": null
      },
      "exchange info": {
        "value": null
      },
      "magnetic order": {
        "value": null
      },
      "curie temperature": {
        "value": null
      },
      "curie temperature info": {
        "value": null
      },
      "anisotropy field": {
        "value": null
      },
      "remanence": {
        "value": null
      },
      "coercivity": {
        "value": null
      },
      "energy product": {
        "value": null
      },
      "hysteresis info": {
        "value": null
      },
      "domain wall width": {
        "value": null
      },
      "domain wall info": {
        "value": null
      },
      "exchange stiffness": {
        "value": null
      },
      "exchange stiffness info": {
        "value": null
      }
    },
    "additional information": {
      "authors": {
        "value": ["ICCRAM"]
      },
      "reference": {
        "value": null
      },
      "comments": {
        "value": null
      },
      "attached files": {
        "value": null
      },
      "attached files info": {
        "value": null
      }
    }
  }
},
  {
  "name": "NOVAMAG_theory_ICCRAM_Fe5Ge1_#164_1",
  "properties": {
    "approach": {
      "value": "theory"
    },
    "summary": {
      "value": "AGA, crystal, energy, magnetization"
    },
    "chemistry": {
      "chemical formula": {
        "value": "Fe5Ge1"
      },
      "production info": {
        "value": "obtained by Adaptive Genetic Algorithm Structure Prediction Methods,  software USPEX+VASP"
      }
    },
    "crystal": {
      "compound space group": {
        "value": 164
      },
      "unit cell volume": {
        "value": 70.006821
      },
      "lattice parameters": {
        "value": [
          4.03646,
          4.03646,
          4.96145
        ]
      },
      "lattice angles": {
        "value": [
          90.00000,
          90.00000,
          120.00000
        ]
      },
      "atomic positions": {
        "value": [
"Fe1(2d)",
0.33333,
0.66667,
0.82410,
"Fe2(2d)",
0.33333,
0.66667,
0.33224,
"Fe3(1b)",
0.00000,
0.00000,
0.50000,
"Ge1(1a)",
0.00000,
0.00000,
0.00000
]
      },
      "crystal info": {
        "value": "software VASP, k-points mesh 11x11x8, Ecut-off=410.533 eV, PAW_PBE, Fe_pv:PAW_PBE:02Aug2007, Ge:PAW_PBE:05Jan2001, Pressure=0.0 kbar,temperature=0K"
      }
    },
    "thermodynamics": {
      "unit cell energy": {
        "value": -46.24845501
      },
      "unit cell formation enthalpy": {
        "value": -0.468082
      },
      "energy info": {
        "value": "software VASP, k-points mesh 11x11x8, Ecut-off=410.533 eV, PAW_PBE, Fe_pv:PAW_PBE:02Aug2007, Ge:PAW_PBE:05Jan2001, Pressure=0.0 kbar,temperature=0K"
      },
      "interatomic potentials info": {
        "value": null
      },
      "magnetic free energy": {
        "value": null
      },
      "magnetic free energy info": {
        "value": null
      }
    },
    "magnetics": {
      "unit cell spin polarization": {
        "value": 10.857
      },
      "atomic spin specie": {
        "value": [
"1 Fe",
1.923,
"2 Fe",
1.923,
"3 Fe",
2.482,
"4 Fe",
2.482,
"5 Fe",
2.150,
"6 Ge",
-0.102
]
      },
      "saturation magnetization": {
        "value": 1.806
      },
      "magnetization temperature": {
        "value": 0
      },
      "magnetization info": {
        "value": "software VASP, k-points mesh 11x11x8, Ecut-off=410.533 eV, PAW_PBE, Fe_pv:PAW_PBE:02Aug2007, Ge:PAW_PBE:05Jan2001, Pressure=0.0 kbar"
      },
      "magnetocrystalline anisotropy energy": {
        "value": null
      },
      "anisotropy energy type": {
        "value": null
      },
      "magnetocrystalline anisotropy constants": {
        "value": null
      },
      "kind of anisotropy": {
        "value": null
      },
      "anisotropy info": {
        "value": null
      },
      "exchange integrals": {
        "value": null
      },
      "exchange info": {
        "value": null
      },
      "magnetic order": {
        "value": null
      },
      "curie temperature": {
        "value": null
      },
      "curie temperature info": {
        "value": null
      },
      "anisotropy field": {
        "value": null
      },
      "remanence": {
        "value": null
      },
      "coercivity": {
        "value": null
      },
      "energy product": {
        "value": null
      },
      "hysteresis info": {
        "value": null
      },
      "domain wall width": {
        "value": null
      },
      "domain wall info": {
        "value": null
      },
      "exchange stiffness": {
        "value": null
      },
      "exchange stiffness info": {
        "value": null
      }
    },
    "additional information": {
      "authors": {
        "value": ["ICCRAM"]
      },
      "reference": {
        "value": null
      },
      "comments": {
        "value": null
      },
      "attached files": {
        "value": null
      },
      "attached files info": {
        "value": null
      }
    }
  }
},
  {
  "name": "NOVAMAG_theory_ICCRAM_Fe5Ta1_#216_1",
  "properties": {
    "approach": {
      "value": "theory"
    },
    "summary": {
      "value": "AGA, crystal, energy, magnetization"
    },
    "chemistry": {
      "chemical formula": {
        "value": "Fe5Ta1"
      },
      "production info": {
        "value": "obtained by Adaptive Genetic Algorithm Structure Prediction Methods,  software USPEX+VASP"
      }
    },
    "crystal": {
      "compound space group": {
        "value": 216
      },
      "unit cell volume": {
        "value": 74.359234
      },
      "lattice parameters": {
        "value": [
          6.67521,
          6.67521,
          6.67521
        ]
      },
      "lattice angles": {
        "value": [
          90.00000,
          90.00000,
          90.00000
        ]
      },
      "atomic positions": {
        "value": [
"Fe1(16e)",
0.37549,
0.37549,
0.37549,
"Fe2(4d)",
0.75000,
0.75000,
0.75000,
"Ta1(4a)",
0.00000,
0.00000,
0.00000
]
      },
      "crystal info": {
        "value": "software VASP, k-points mesh 10x10x10, Ecut-off=410.533 eV, PAW_PBE, Fe_pv:PAW_PBE:02Aug2007, Ta_pv:PAW_PBE:07Sep2000, Pressure=0.0 kbar,temperature=0K"
      }
    },
    "thermodynamics": {
      "unit cell energy": {
        "value": -53.73714651
      },
      "unit cell formation enthalpy": {
        "value": -0.635137
      },
      "energy info": {
        "value": "software VASP, k-points mesh 10x10x10, Ecut-off=410.533 eV, PAW_PBE, Fe_pv:PAW_PBE:02Aug2007, Ta_pv:PAW_PBE:07Sep2000, Pressure=0.0 kbar,temperature=0K"
      },
      "interatomic potentials info": {
        "value": null
      },
      "magnetic free energy": {
        "value": null
      },
      "magnetic free energy info": {
        "value": null
      }
    },
    "magnetics": {
      "unit cell spin polarization": {
        "value": 9.704
      },
      "atomic spin specie": {
        "value": [
"1 Fe",
1.919,
"2 Fe",
1.679,
"3 Fe",
1.905,
"4 Fe",
1.898,
"5 Fe",
2.740,
"6 Ta",
-0.437
]
      },
      "saturation magnetization": {
        "value": 1.520
      },
      "magnetization temperature": {
        "value": 0
      },
      "magnetization info": {
        "value": "software VASP, k-points mesh 10x10x10, Ecut-off=410.533 eV, PAW_PBE, Fe_pv:PAW_PBE:02Aug2007, Ta_pv:PAW_PBE:07Sep2000, Pressure=0.0 kbar"
      },
      "magnetocrystalline anisotropy energy": {
        "value": null
      },
      "anisotropy energy type": {
        "value": null
      },
      "magnetocrystalline anisotropy constants": {
        "value": null
      },
      "kind of anisotropy": {
        "value": null
      },
      "anisotropy info": {
        "value": null
      },
      "exchange integrals": {
        "value": null
      },
      "exchange info": {
        "value": null
      },
      "magnetic order": {
        "value": null
      },
      "curie temperature": {
        "value": null
      },
      "curie temperature info": {
        "value": null
      },
      "anisotropy field": {
        "value": null
      },
      "remanence": {
        "value": null
      },
      "coercivity": {
        "value": null
      },
      "energy product": {
        "value": null
      },
      "hysteresis info": {
        "value": null
      },
      "domain wall width": {
        "value": null
      },
      "domain wall info": {
        "value": null
      },
      "exchange stiffness": {
        "value": null
      },
      "exchange stiffness info": {
        "value": null
      }
    },
    "additional information": {
      "authors": {
        "value": ["ICCRAM"]
      },
      "reference": {
        "value": null
      },
      "comments": {
        "value": null
      },
      "attached files": {
        "value": null
      },
      "attached files info": {
        "value": null
      }
    }
  }
},
  {
  "name": "NOVAMAG_theory_ICCRAM_Fe6Ge1_#12_1",
  "properties": {
    "approach": {
      "value": "theory"
    },
    "summary": {
      "value": "AGA, crystal, energy, magnetization"
    },
    "chemistry": {
      "chemical formula": {
        "value": "Fe6Ge1"
      },
      "production info": {
        "value": "obtained by Adaptive Genetic Algorithm Structure Prediction Methods,  software USPEX+VASP"
      }
    },
    "crystal": {
      "compound space group": {
        "value": 12
      },
      "unit cell volume": {
        "value": 81.875226
      },
      "lattice parameters": {
        "value": [
          8.58619,
          4.03830,
          4.74728
        ]
      },
      "lattice angles": {
        "value": [
          90.00000,
          95.84151,
          90.00000
        ]
      },
      "atomic positions": {
        "value": [
"Fe1(4i)",
0.42714,
0.00000,
0.70767,
"Fe2(4i)",
0.29041,
0.00000,
0.14248,
"Fe3(4i)",
0.85607,
0.00000,
0.43639,
"Ge1(2a)",
0.00000,
0.00000,
0.00000
]
      },
      "crystal info": {
        "value": "software VASP, k-points mesh 8x11x11, Ecut-off=410.533 eV, PAW_PBE, Fe_pv:PAW_PBE:02Aug2007, Ge:PAW_PBE:05Jan2001, Pressure=0.0 kbar,temperature=0K"
      }
    },
    "thermodynamics": {
      "unit cell energy": {
        "value": -54.54820208
      },
      "unit cell formation enthalpy": {
        "value": -0.510019
      },
      "energy info": {
        "value": "software VASP, k-points mesh 8x11x11, Ecut-off=410.533 eV, PAW_PBE, Fe_pv:PAW_PBE:02Aug2007, Ge:PAW_PBE:05Jan2001, Pressure=0.0 kbar,temperature=0K"
      },
      "interatomic potentials info": {
        "value": null
      },
      "magnetic free energy": {
        "value": null
      },
      "magnetic free energy info": {
        "value": null
      }
    },
    "magnetics": {
      "unit cell spin polarization": {
        "value": 13.569
      },
      "atomic spin specie": {
        "value": [
"1 Fe",
2.193,
"2 Fe",
2.193,
"3 Fe",
2.318,
"4 Fe",
2.318,
"5 Fe",
2.328,
"6 Fe",
2.328,
"7 Ge",
-0.109
]
      },
      "saturation magnetization": {
        "value": 1.930
      },
      "magnetization temperature": {
        "value": 0
      },
      "magnetization info": {
        "value": "software VASP, k-points mesh 8x11x11, Ecut-off=410.533 eV, PAW_PBE, Fe_pv:PAW_PBE:02Aug2007, Ge:PAW_PBE:05Jan2001, Pressure=0.0 kbar"
      },
      "magnetocrystalline anisotropy energy": {
        "value": null
      },
      "anisotropy energy type": {
        "value": null
      },
      "magnetocrystalline anisotropy constants": {
        "value": null
      },
      "kind of anisotropy": {
        "value": null
      },
      "anisotropy info": {
        "value": null
      },
      "exchange integrals": {
        "value": null
      },
      "exchange info": {
        "value": null
      },
      "magnetic order": {
        "value": null
      },
      "curie temperature": {
        "value": null
      },
      "curie temperature info": {
        "value": null
      },
      "anisotropy field": {
        "value": null
      },
      "remanence": {
        "value": null
      },
      "coercivity": {
        "value": null
      },
      "energy product": {
        "value": null
      },
      "hysteresis info": {
        "value": null
      },
      "domain wall width": {
        "value": null
      },
      "domain wall info": {
        "value": null
      },
      "exchange stiffness": {
        "value": null
      },
      "exchange stiffness info": {
        "value": null
      }
    },
    "additional information": {
      "authors": {
        "value": ["ICCRAM"]
      },
      "reference": {
        "value": null
      },
      "comments": {
        "value": null
      },
      "attached files": {
        "value": null
      },
      "attached files info": {
        "value": null
      }
    }
  }
},
  {
  "name": "NOVAMAG_theory_ICCRAM_Fe8Ta2_#166_1",
  "properties": {
    "approach": {
      "value": "theory"
    },
    "summary": {
      "value": "AGA, crystal, energy, magnetization"
    },
    "chemistry": {
      "chemical formula": {
        "value": "Fe8Ta2"
      },
      "production info": {
        "value": "obtained by Adaptive Genetic Algorithm Structure Prediction Methods,  software USPEX+VASP"
      }
    },
    "crystal": {
      "compound space group": {
        "value": 166
      },
      "unit cell volume": {
        "value": 124.842346
      },
      "lattice parameters": {
        "value": [
          4.13143,
          4.13143,
          25.33683
        ]
      },
      "lattice angles": {
        "value": [
          90.00000,
          90.00000,
          120.00000
        ]
      },
      "atomic positions": {
        "value": [
"Fe1(3a)",
0.00000,
0.00000,
0.00000,
"Fe2(3b)",
0.00000,
0.00000,
0.50000,
"Fe3(6c)",
0.00000,
0.00000,
0.10269,
"Fe4(6c)",
0.00000,
0.00000,
0.19872,
"Fe5(6c)",
0.00000,
0.00000,
0.69999,
"Ta1(6c)",
0.00000,
0.00000,
0.40059
]
      },
      "crystal info": {
        "value": "software VASP, k-points mesh 11x11x11, Ecut-off=410.533 eV, PAW_PBE, Fe_pv:PAW_PBE:02Aug2007, Ta_pv:PAW_PBE:07Sep2000, Pressure=0.0 kbar,temperature=0K"
      }
    },
    "thermodynamics": {
      "unit cell energy": {
        "value": -90.59390537
      },
      "unit cell formation enthalpy": {
        "value": -0.905506
      },
      "energy info": {
        "value": "software VASP, k-points mesh 11x11x11, Ecut-off=410.533 eV, PAW_PBE, Fe_pv:PAW_PBE:02Aug2007, Ta_pv:PAW_PBE:07Sep2000, Pressure=0.0 kbar,temperature=0K"
      },
      "interatomic potentials info": {
        "value": null
      },
      "magnetic free energy": {
        "value": null
      },
      "magnetic free energy info": {
        "value": null
      }
    },
    "magnetics": {
      "unit cell spin polarization": {
        "value": 15.053
      },
      "atomic spin specie": {
        "value": [
"1 Fe",
2.522,
"2 Fe",
1.785,
"3 Fe",
1.713,
"4 Fe",
1.715,
"5 Fe",
2.515,
"6 Fe",
2.513,
"7 Fe",
1.595,
"8 Fe",
1.597,
"9 Ta",
-0.450,
"10 Ta",
-0.451
]
      },
      "saturation magnetization": {
        "value": 1.404
      },
      "magnetization temperature": {
        "value": 0
      },
      "magnetization info": {
        "value": "software VASP, k-points mesh 11x11x11, Ecut-off=410.533 eV, PAW_PBE, Fe_pv:PAW_PBE:02Aug2007, Ta_pv:PAW_PBE:07Sep2000, Pressure=0.0 kbar"
      },
      "magnetocrystalline anisotropy energy": {
        "value": null
      },
      "anisotropy energy type": {
        "value": null
      },
      "magnetocrystalline anisotropy constants": {
        "value": null
      },
      "kind of anisotropy": {
        "value": null
      },
      "anisotropy info": {
        "value": null
      },
      "exchange integrals": {
        "value": null
      },
      "exchange info": {
        "value": null
      },
      "magnetic order": {
        "value": null
      },
      "curie temperature": {
        "value": null
      },
      "curie temperature info": {
        "value": null
      },
      "anisotropy field": {
        "value": null
      },
      "remanence": {
        "value": null
      },
      "coercivity": {
        "value": null
      },
      "energy product": {
        "value": null
      },
      "hysteresis info": {
        "value": null
      },
      "domain wall width": {
        "value": null
      },
      "domain wall info": {
        "value": null
      },
      "exchange stiffness": {
        "value": null
      },
      "exchange stiffness info": {
        "value": null
      }
    },
    "additional information": {
      "authors": {
        "value": ["ICCRAM"]
      },
      "reference": {
        "value": null
      },
      "comments": {
        "value": null
      },
      "attached files": {
        "value": null
      },
      "attached files info": {
        "value": null
      }
    }
  }
},
  {
  "name": "NOVAMAG_theory_ICCRAM_Fe10Ta2_#129_1",
  "properties": {
    "approach": {
      "value": "theory"
    },
    "summary": {
      "value": "AGA, crystal, energy, magnetization"
    },
    "chemistry": {
      "chemical formula": {
        "value": "Fe10Ta2"
      },
      "production info": {
        "value": "obtained by Adaptive Genetic Algorithm Structure Prediction Methods,  software USPEX+VASP"
      }
    },
    "crystal": {
      "compound space group": {
        "value": 129
      },
      "unit cell volume": {
        "value": 147.597569
      },
      "lattice parameters": {
        "value": [
          4.10079,
          4.10079,
          8.77694
        ]
      },
      "lattice angles": {
        "value": [
          90.00000,
          90.00000,
          90.00000
        ]
      },
      "atomic positions": {
        "value": [
"Fe1(4f)",
0.75000,
0.25000,
0.84200,
"Fe2(2c)",
0.25000,
0.25000,
0.67371,
"Fe3(2b)",
0.75000,
0.25000,
0.50000,
"Fe4(2c)",
0.25000,
0.25000,
-0.00171,
"Ta1(2c)",
0.25000,
0.25000,
0.33021
]
      },
      "crystal info": {
        "value": "software VASP, k-points mesh 10x10x5, Ecut-off=410.533 eV, PAW_PBE, Fe_pv:PAW_PBE:02Aug2007, Ta_pv:PAW_PBE:07Sep2000, Pressure=0.0 kbar,temperature=0K"
      }
    },
    "thermodynamics": {
      "unit cell energy": {
        "value": -107.18972430
      },
      "unit cell formation enthalpy": {
        "value": -0.985705
      },
      "energy info": {
        "value": "software VASP, k-points mesh 10x10x5, Ecut-off=410.533 eV, PAW_PBE, Fe_pv:PAW_PBE:02Aug2007, Ta_pv:PAW_PBE:07Sep2000, Pressure=0.0 kbar,temperature=0K"
      },
      "interatomic potentials info": {
        "value": null
      },
      "magnetic free energy": {
        "value": null
      },
      "magnetic free energy info": {
        "value": null
      }
    },
    "magnetics": {
      "unit cell spin polarization": {
        "value": 19.848
      },
      "atomic spin specie": {
        "value": [
"1 Fe",
1.897,
"2 Fe",
1.897,
"3 Fe",
1.946,
"4 Fe",
1.946,
"5 Fe",
2.427,
"6 Fe",
2.427,
"7 Fe",
1.599,
"8 Fe",
1.599,
"9 Fe",
2.526,
"10 Fe",
2.526,
"11 Ta",
-0.471,
"12 Ta",
-0.471
]
      },
      "saturation magnetization": {
        "value": 1.566
      },
      "magnetization temperature": {
        "value": 0
      },
      "magnetization info": {
        "value": "software VASP, k-points mesh 10x10x5, Ecut-off=410.533 eV, PAW_PBE, Fe_pv:PAW_PBE:02Aug2007, Ta_pv:PAW_PBE:07Sep2000, Pressure=0.0 kbar"
      },
      "magnetocrystalline anisotropy energy": {
        "value": null
      },
      "anisotropy energy type": {
        "value": null
      },
      "magnetocrystalline anisotropy constants": {
        "value": null
      },
      "kind of anisotropy": {
        "value": null
      },
      "anisotropy info": {
        "value": null
      },
      "exchange integrals": {
        "value": null
      },
      "exchange info": {
        "value": null
      },
      "magnetic order": {
        "value": null
      },
      "curie temperature": {
        "value": null
      },
      "curie temperature info": {
        "value": null
      },
      "anisotropy field": {
        "value": null
      },
      "remanence": {
        "value": null
      },
      "coercivity": {
        "value": null
      },
      "energy product": {
        "value": null
      },
      "hysteresis info": {
        "value": null
      },
      "domain wall width": {
        "value": null
      },
      "domain wall info": {
        "value": null
      },
      "exchange stiffness": {
        "value": null
      },
      "exchange stiffness info": {
        "value": null
      }
    },
    "additional information": {
      "authors": {
        "value": ["ICCRAM"]
      },
      "reference": {
        "value": null
      },
      "comments": {
        "value": null
      },
      "attached files": {
        "value": null
      },
      "attached files info": {
        "value": null
      }
    }
  }
},
  {
  "name": "NOVAMAG_theory_ICCRAM_Fe12Ge6_#164_1",
  "properties": {
    "approach": {
      "value": "theory"
    },
    "summary": {
      "value": "AGA, crystal, energy, magnetization"
    },
    "chemistry": {
      "chemical formula": {
        "value": "Fe12Ge6"
      },
      "production info": {
        "value": "obtained by Adaptive Genetic Algorithm Structure Prediction Methods,  software USPEX+VASP"
      }
    },
    "crystal": {
      "compound space group": {
        "value": 164
      },
      "unit cell volume": {
        "value": 232.246075
      },
      "lattice parameters": {
        "value": [
          5.06855,
          5.06855,
          10.43878
        ]
      },
      "lattice angles": {
        "value": [
          90.00000,
          90.00000,
          120.00000
        ]
      },
      "atomic positions": {
        "value": [
"Fe1(6i)",
0.49638,
0.50362,
0.69293,
"Fe2(6i)",
0.83243,
0.16757,
0.10050,
"Ge1(2d)",
0.33333,
0.66667,
0.49740,
"Ge2(2c)",
0.00000,
0.00000,
0.69875,
"Ge3(2d)",
0.33333,
0.66667,
0.10674
]
      },
      "crystal info": {
        "value": "software VASP, k-points mesh 9x9x4, Ecut-off=410.533 eV, PAW_PBE, Fe_pv:PAW_PBE:02Aug2007, Ge:PAW_PBE:05Jan2001, Pressure=0.0 kbar,temperature=0K"
      }
    },
    "thermodynamics": {
      "unit cell energy": {
        "value": -128.03843828
      },
      "unit cell formation enthalpy": {
        "value": -1.996781
      },
      "energy info": {
        "value": "software VASP, k-points mesh 9x9x4, Ecut-off=410.533 eV, PAW_PBE, Fe_pv:PAW_PBE:02Aug2007, Ge:PAW_PBE:05Jan2001, Pressure=0.0 kbar,temperature=0K"
      },
      "interatomic potentials info": {
        "value": null
      },
      "magnetic free energy": {
        "value": null
      },
      "magnetic free energy info": {
        "value": null
      }
    },
    "magnetics": {
      "unit cell spin polarization": {
        "value": 24.229
      },
      "atomic spin specie": {
        "value": [
"1 Fe",
2.018,
"2 Fe",
1.972,
"3 Fe",
1.855,
"4 Fe",
1.855,
"5 Fe",
2.018,
"6 Fe",
1.972,
"7 Fe",
2.257,
"8 Fe",
2.216,
"9 Fe",
2.167,
"10 Fe",
2.167,
"11 Fe",
2.257,
"12 Fe",
2.216,
"13 Ge",
-0.096,
"14 Ge",
-0.096,
"15 Ge",
-0.151,
"16 Ge",
-0.151,
"17 Ge",
-0.124,
"18 Ge",
-0.124
]
      },
      "saturation magnetization": {
        "value": 1.215
      },
      "magnetization temperature": {
        "value": 0
      },
      "magnetization info": {
        "value": "software VASP, k-points mesh 9x9x4, Ecut-off=410.533 eV, PAW_PBE, Fe_pv:PAW_PBE:02Aug2007, Ge:PAW_PBE:05Jan2001, Pressure=0.0 kbar"
      },
      "magnetocrystalline anisotropy energy": {
        "value": null
      },
      "anisotropy energy type": {
        "value": null
      },
      "magnetocrystalline anisotropy constants": {
        "value": null
      },
      "kind of anisotropy": {
        "value": null
      },
      "anisotropy info": {
        "value": null
      },
      "exchange integrals": {
        "value": null
      },
      "exchange info": {
        "value": null
      },
      "magnetic order": {
        "value": null
      },
      "curie temperature": {
        "value": null
      },
      "curie temperature info": {
        "value": null
      },
      "anisotropy field": {
        "value": null
      },
      "remanence": {
        "value": null
      },
      "coercivity": {
        "value": null
      },
      "energy product": {
        "value": null
      },
      "hysteresis info": {
        "value": null
      },
      "domain wall width": {
        "value": null
      },
      "domain wall info": {
        "value": null
      },
      "exchange stiffness": {
        "value": null
      },
      "exchange stiffness info": {
        "value": null
      }
    },
    "additional information": {
      "authors": {
        "value": ["ICCRAM"]
      },
      "reference": {
        "value": null
      },
      "comments": {
        "value": null
      },
      "attached files": {
        "value": null
      },
      "attached files info": {
        "value": null
      }
    }
  }
},
  {
  "name": "NOVAMAG_theory_ICCRAM_Fe14Ta2_#139_1",
  "properties": {
    "approach": {
      "value": "theory"
    },
    "summary": {
      "value": "AGA, crystal, energy, magnetization"
    },
    "chemistry": {
      "chemical formula": {
        "value": "Fe14Ta2"
      },
      "production info": {
        "value": "obtained by Adaptive Genetic Algorithm Structure Prediction Methods,  software USPEX+VASP"
      }
    },
    "crystal": {
      "compound space group": {
        "value": 139
      },
      "unit cell volume": {
        "value": 194.047979
      },
      "lattice parameters": {
        "value": [
          4.08091,
          4.08091,
          11.65184
        ]
      },
      "lattice angles": {
        "value": [
          90.00000,
          90.00000,
          90.00000
        ]
      },
      "atomic positions": {
        "value": [
"Fe1(8g)",
0.00000,
0.50000,
0.87004,
"Fe2(4e)",
0.00000,
0.00000,
0.75117,
"Fe3(2a)",
0.00000,
0.00000,
0.00000,
"Ta1(2b)",
0.00000,
0.00000,
0.50000
]
      },
      "crystal info": {
        "value": "software VASP, k-points mesh 10x10x3, Ecut-off=410.533 eV, PAW_PBE, Fe_pv:PAW_PBE:02Aug2007, Ta_pv:PAW_PBE:07Sep2000, Pressure=0.0 kbar,temperature=0K"
      }
    },
    "thermodynamics": {
      "unit cell energy": {
        "value": -140.35499869
      },
      "unit cell formation enthalpy": {
        "value": -1.119738
      },
      "energy info": {
        "value": "software VASP, k-points mesh 10x10x3, Ecut-off=410.533 eV, PAW_PBE, Fe_pv:PAW_PBE:02Aug2007, Ta_pv:PAW_PBE:07Sep2000, Pressure=0.0 kbar,temperature=0K"
      },
      "interatomic potentials info": {
        "value": null
      },
      "magnetic free energy": {
        "value": null
      },
      "magnetic free energy info": {
        "value": null
      }
    },
    "magnetics": {
      "unit cell spin polarization": {
        "value": 30.010
      },
      "atomic spin specie": {
        "value": [
"1 Fe",
2.047,
"2 Fe",
2.047,
"3 Fe",
1.995,
"4 Fe",
1.995,
"5 Fe",
2.047,
"6 Fe",
2.047,
"7 Fe",
1.995,
"8 Fe",
1.995,
"9 Fe",
2.556,
"10 Fe",
2.556,
"11 Fe",
2.556,
"12 Fe",
2.556,
"13 Fe",
2.350,
"14 Fe",
2.350,
"15 Ta",
-0.542,
"16 Ta",
-0.542
]
      },
      "saturation magnetization": {
        "value": 1.801
      },
      "magnetization temperature": {
        "value": 0
      },
      "magnetization info": {
        "value": "software VASP, k-points mesh 10x10x3, Ecut-off=410.533 eV, PAW_PBE, Fe_pv:PAW_PBE:02Aug2007, Ta_pv:PAW_PBE:07Sep2000, Pressure=0.0 kbar"
      },
      "magnetocrystalline anisotropy energy": {
        "value": null
      },
      "anisotropy energy type": {
        "value": null
      },
      "magnetocrystalline anisotropy constants": {
        "value": null
      },
      "kind of anisotropy": {
        "value": null
      },
      "anisotropy info": {
        "value": null
      },
      "exchange integrals": {
        "value": null
      },
      "exchange info": {
        "value": null
      },
      "magnetic order": {
        "value": null
      },
      "curie temperature": {
        "value": null
      },
      "curie temperature info": {
        "value": null
      },
      "anisotropy field": {
        "value": null
      },
      "remanence": {
        "value": null
      },
      "coercivity": {
        "value": null
      },
      "energy product": {
        "value": null
      },
      "hysteresis info": {
        "value": null
      },
      "domain wall width": {
        "value": null
      },
      "domain wall info": {
        "value": null
      },
      "exchange stiffness": {
        "value": null
      },
      "exchange stiffness info": {
        "value": null
      }
    },
    "additional information": {
      "authors": {
        "value": ["ICCRAM"]
      },
      "reference": {
        "value": null
      },
      "comments": {
        "value": null
      },
      "attached files": {
        "value": null
      },
      "attached files info": {
        "value": null
      }
    }
  }
},
  {
  "name": "NOVAMAG_theory_ICCRAM_Fe16Ta4_#62_1",
  "properties": {
    "approach": {
      "value": "theory"
    },
    "summary": {
      "value": "AGA, crystal, energy, magnetization"
    },
    "chemistry": {
      "chemical formula": {
        "value": "Fe16Ta4"
      },
      "production info": {
        "value": "obtained by Adaptive Genetic Algorithm Structure Prediction Methods,  software USPEX+VASP"
      }
    },
    "crystal": {
      "compound space group": {
        "value": 62
      },
      "unit cell volume": {
        "value": 246.247787
      },
      "lattice parameters": {
        "value": [
          7.88434,
          4.80207,
          6.50397
        ]
      },
      "lattice angles": {
        "value": [
          90.00000,
          90.00000,
          90.00000
        ]
      },
      "atomic positions": {
        "value": [
"Fe1(4c)",
0.74176,
0.25000,
0.09710,
"Fe2(8d)",
0.08377,
-0.01188,
0.65140,
"Fe3(4c)",
0.34127,
0.25000,
0.75986,
"Ta1(4c)",
0.10622,
0.25000,
0.03796
]
      },
      "crystal info": {
        "value": "software VASP, k-points mesh 5x8x6, Ecut-off=410.533 eV, PAW_PBE, Fe_pv:PAW_PBE:02Aug2007, Ta_pv:PAW_PBE:07Sep2000, Pressure=0.0 kbar,temperature=0K"
      }
    },
    "thermodynamics": {
      "unit cell energy": {
        "value": -181.09686783
      },
      "unit cell formation enthalpy": {
        "value": -1.720069
      },
      "energy info": {
        "value": "software VASP, k-points mesh 5x8x6, Ecut-off=410.533 eV, PAW_PBE, Fe_pv:PAW_PBE:02Aug2007, Ta_pv:PAW_PBE:07Sep2000, Pressure=0.0 kbar,temperature=0K"
      },
      "interatomic potentials info": {
        "value": null
      },
      "magnetic free energy": {
        "value": null
      },
      "magnetic free energy info": {
        "value": null
      }
    },
    "magnetics": {
      "unit cell spin polarization": {
        "value": 26.304
      },
      "atomic spin specie": {
        "value": [
"1 Fe",
1.872,
"2 Fe",
1.882,
"3 Fe",
1.872,
"4 Fe",
1.882,
"5 Fe",
1.697,
"6 Fe",
1.705,
"7 Fe",
1.674,
"8 Fe",
1.679,
"9 Fe",
1.697,
"10 Fe",
1.705,
"11 Fe",
1.674,
"12 Fe",
1.679,
"13 Fe",
1.698,
"14 Fe",
1.714,
"15 Fe",
1.698,
"16 Fe",
1.714,
"17 Ta",
-0.382,
"18 Ta",
-0.387,
"19 Ta",
-0.382,
"20 Ta",
-0.387
]
      },
      "saturation magnetization": {
        "value": 1.244
      },
      "magnetization temperature": {
        "value": 0
      },
      "magnetization info": {
        "value": "software VASP, k-points mesh 5x8x6, Ecut-off=410.533 eV, PAW_PBE, Fe_pv:PAW_PBE:02Aug2007, Ta_pv:PAW_PBE:07Sep2000, Pressure=0.0 kbar"
      },
      "magnetocrystalline anisotropy energy": {
        "value": null
      },
      "anisotropy energy type": {
        "value": null
      },
      "magnetocrystalline anisotropy constants": {
        "value": null
      },
      "kind of anisotropy": {
        "value": null
      },
      "anisotropy info": {
        "value": null
      },
      "exchange integrals": {
        "value": null
      },
      "exchange info": {
        "value": null
      },
      "magnetic order": {
        "value": null
      },
      "curie temperature": {
        "value": null
      },
      "curie temperature info": {
        "value": null
      },
      "anisotropy field": {
        "value": null
      },
      "remanence": {
        "value": null
      },
      "coercivity": {
        "value": null
      },
      "energy product": {
        "value": null
      },
      "hysteresis info": {
        "value": null
      },
      "domain wall width": {
        "value": null
      },
      "domain wall info": {
        "value": null
      },
      "exchange stiffness": {
        "value": null
      },
      "exchange stiffness info": {
        "value": null
      }
    },
    "additional information": {
      "authors": {
        "value": ["ICCRAM"]
      },
      "reference": {
        "value": null
      },
      "comments": {
        "value": null
      },
      "attached files": {
        "value": null
      },
      "attached files info": {
        "value": null
      }
    }
  }
},
  {
  "name": "NOVAMAG_theory_ICCRAM_Fe16Ta4_#129_1",
  "properties": {
    "approach": {
      "value": "theory"
    },
    "summary": {
      "value": "AGA, crystal, energy, magnetization"
    },
    "chemistry": {
      "chemical formula": {
        "value": "Fe16Ta4"
      },
      "production info": {
        "value": "obtained by Adaptive Genetic Algorithm Structure Prediction Methods,  software USPEX+VASP"
      }
    },
    "crystal": {
      "compound space group": {
        "value": 129
      },
      "unit cell volume": {
        "value": 250.137489
      },
      "lattice parameters": {
        "value": [
          4.08162,
          4.08162,
          15.01457
        ]
      },
      "lattice angles": {
        "value": [
          90.00000,
          90.00000,
          90.00000
        ]
      },
      "atomic positions": {
        "value": [
"Fe1(4f)",
0.75000,
0.25000,
0.70315,
"Fe2(2b)",
0.75000,
0.25000,
0.50000,
"Fe3(2c)",
0.25000,
0.25000,
0.80559,
"Fe4(2c)",
0.25000,
0.25000,
0.60314,
"Fe5(4f)",
0.75000,
0.25000,
0.09324,
"Fe6(2c)",
0.25000,
0.25000,
-0.00055,
"Ta1(2c)",
0.25000,
0.25000,
0.40051,
"Ta2(2c)",
0.25000,
0.25000,
0.19375
]
      },
      "crystal info": {
        "value": "software VASP, k-points mesh 10x10x3, Ecut-off=410.533 eV, PAW_PBE, Fe_pv:PAW_PBE:02Aug2007, Ta_pv:PAW_PBE:07Sep2000, Pressure=0.0 kbar,temperature=0K"
      }
    },
    "thermodynamics": {
      "unit cell energy": {
        "value": -181.26307561
      },
      "unit cell formation enthalpy": {
        "value": -1.886277
      },
      "energy info": {
        "value": "software VASP, k-points mesh 10x10x3, Ecut-off=410.533 eV, PAW_PBE, Fe_pv:PAW_PBE:02Aug2007, Ta_pv:PAW_PBE:07Sep2000, Pressure=0.0 kbar,temperature=0K"
      },
      "interatomic potentials info": {
        "value": null
      },
      "magnetic free energy": {
        "value": null
      },
      "magnetic free energy info": {
        "value": null
      }
    },
    "magnetics": {
      "unit cell spin polarization": {
        "value": 30.337
      },
      "atomic spin specie": {
        "value": [
"1 Fe",
1.488,
"2 Fe",
1.488,
"3 Fe",
1.517,
"4 Fe",
1.517,
"5 Fe",
1.539,
"6 Fe",
1.539,
"7 Fe",
2.433,
"8 Fe",
2.433,
"9 Fe",
2.537,
"10 Fe",
2.537,
"11 Fe",
1.998,
"12 Fe",
1.998,
"13 Fe",
1.952,
"14 Fe",
1.952,
"15 Fe",
2.584,
"16 Fe",
2.584,
"17 Ta",
-0.396,
"18 Ta",
-0.396,
"19 Ta",
-0.484,
"20 Ta",
-0.484
]
      },
      "saturation magnetization": {
        "value": 1.413
      },
      "magnetization temperature": {
        "value": 0
      },
      "magnetization info": {
        "value": "software VASP, k-points mesh 10x10x3, Ecut-off=410.533 eV, PAW_PBE, Fe_pv:PAW_PBE:02Aug2007, Ta_pv:PAW_PBE:07Sep2000, Pressure=0.0 kbar"
      },
      "magnetocrystalline anisotropy energy": {
        "value": null
      },
      "anisotropy energy type": {
        "value": null
      },
      "magnetocrystalline anisotropy constants": {
        "value": null
      },
      "kind of anisotropy": {
        "value": null
      },
      "anisotropy info": {
        "value": null
      },
      "exchange integrals": {
        "value": null
      },
      "exchange info": {
        "value": null
      },
      "magnetic order": {
        "value": null
      },
      "curie temperature": {
        "value": null
      },
      "curie temperature info": {
        "value": null
      },
      "anisotropy field": {
        "value": null
      },
      "remanence": {
        "value": null
      },
      "coercivity": {
        "value": null
      },
      "energy product": {
        "value": null
      },
      "hysteresis info": {
        "value": null
      },
      "domain wall width": {
        "value": null
      },
      "domain wall info": {
        "value": null
      },
      "exchange stiffness": {
        "value": null
      },
      "exchange stiffness info": {
        "value": null
      }
    },
    "additional information": {
      "authors": {
        "value": ["ICCRAM"]
      },
      "reference": {
        "value": null
      },
      "comments": {
        "value": null
      },
      "attached files": {
        "value": null
      },
      "attached files info": {
        "value": null
      }
    }
  }
},
  {
  "name": "NOVAMAG_theory_ICCRAM_Fe20Ta4_#139_1",
  "properties": {
    "approach": {
      "value": "theory"
    },
    "summary": {
      "value": "AGA, crystal, energy, magnetization"
    },
    "chemistry": {
      "chemical formula": {
        "value": "Fe20Ta4"
      },
      "production info": {
        "value": "obtained by Adaptive Genetic Algorithm Structure Prediction Methods,  software USPEX+VASP"
      }
    },
    "crystal": {
      "compound space group": {
        "value": 139
      },
      "unit cell volume": {
        "value": 296.023410
      },
      "lattice parameters": {
        "value": [
          4.10895,
          4.10895,
          17.53333
        ]
      },
      "lattice angles": {
        "value": [
          90.00000,
          90.00000,
          90.00000
        ]
      },
      "atomic positions": {
        "value": [
"Fe1(4e)",
0.00000,
0.00000,
0.83631,
"Fe2(4d)",
0.00000,
0.50000,
0.25000,
"Fe3(2a)",
0.00000,
0.00000,
0.00000,
"Fe4(8g)",
0.00000,
0.50000,
-0.07925,
"Fe5(2b)",
0.00000,
0.00000,
0.50000,
"Ta1(4e)",
0.00000,
0.00000,
0.33472
]
      },
      "crystal info": {
        "value": "software VASP, k-points mesh 10x10x2, Ecut-off=410.533 eV, PAW_PBE, Fe_pv:PAW_PBE:02Aug2007, Ta_pv:PAW_PBE:07Sep2000, Pressure=0.0 kbar,temperature=0K"
      }
    },
    "thermodynamics": {
      "unit cell energy": {
        "value": -214.38466789
      },
      "unit cell formation enthalpy": {
        "value": -1.976628
      },
      "energy info": {
        "value": "software VASP, k-points mesh 10x10x2, Ecut-off=410.533 eV, PAW_PBE, Fe_pv:PAW_PBE:02Aug2007, Ta_pv:PAW_PBE:07Sep2000, Pressure=0.0 kbar,temperature=0K"
      },
      "interatomic potentials info": {
        "value": null
      },
      "magnetic free energy": {
        "value": null
      },
      "magnetic free energy info": {
        "value": null
      }
    },
    "magnetics": {
      "unit cell spin polarization": {
        "value": 40.333
      },
      "atomic spin specie": {
        "value": [
"1 Fe",
2.460,
"2 Fe",
2.460,
"3 Fe",
2.460,
"4 Fe",
2.460,
"5 Fe",
1.598,
"6 Fe",
1.598,
"7 Fe",
1.598,
"8 Fe",
1.598,
"9 Fe",
2.516,
"10 Fe",
2.516,
"11 Fe",
1.980,
"12 Fe",
1.980,
"13 Fe",
1.944,
"14 Fe",
1.944,
"15 Fe",
1.980,
"16 Fe",
1.980,
"17 Fe",
1.944,
"18 Fe",
1.944,
"19 Fe",
2.618,
"20 Fe",
2.618,
"21 Ta",
-0.466,
"22 Ta",
-0.466,
"23 Ta",
-0.466,
"24 Ta",
-0.466
]
      },
      "saturation magnetization": {
        "value": 1.587
      },
      "magnetization temperature": {
        "value": 0
      },
      "magnetization info": {
        "value": "software VASP, k-points mesh 10x10x2, Ecut-off=410.533 eV, PAW_PBE, Fe_pv:PAW_PBE:02Aug2007, Ta_pv:PAW_PBE:07Sep2000, Pressure=0.0 kbar"
      },
      "magnetocrystalline anisotropy energy": {
        "value": null
      },
      "anisotropy energy type": {
        "value": null
      },
      "magnetocrystalline anisotropy constants": {
        "value": null
      },
      "kind of anisotropy": {
        "value": null
      },
      "anisotropy info": {
        "value": null
      },
      "exchange integrals": {
        "value": null
      },
      "exchange info": {
        "value": null
      },
      "magnetic order": {
        "value": null
      },
      "curie temperature": {
        "value": null
      },
      "curie temperature info": {
        "value": null
      },
      "anisotropy field": {
        "value": null
      },
      "remanence": {
        "value": null
      },
      "coercivity": {
        "value": null
      },
      "energy product": {
        "value": null
      },
      "hysteresis info": {
        "value": null
      },
      "domain wall width": {
        "value": null
      },
      "domain wall info": {
        "value": null
      },
      "exchange stiffness": {
        "value": null
      },
      "exchange stiffness info": {
        "value": null
      }
    },
    "additional information": {
      "authors": {
        "value": ["ICCRAM"]
      },
      "reference": {
        "value": null
      },
      "comments": {
        "value": null
      },
      "attached files": {
        "value": null
      },
      "attached files info": {
        "value": null
      }
    }
  }
}
]
