{
  "name": "NOVAMAG_theory_ICCRAM_Fe16Ta4_#129_1",
  "properties": {
    "approach": {
      "value": "theory"
    },
    "summary": {
      "value": "AGA, crystal, energy, magnetization"
    },
    "chemistry": {
      "chemical formula": {
        "value": "Fe16Ta4"
      },
      "production info": {
        "value": "obtained by Adaptive Genetic Algorithm Structure Prediction Methods,  software USPEX+VASP"
      }
    },
    "crystal": {
      "compound space group": {
        "value": 129
      },
      "unit cell volume": {
        "value": 250.137489
      },
      "lattice parameters": {
        "value": [
          4.08162,
          4.08162,
          15.01457
        ]
      },
      "lattice angles": {
        "value": [
          90.00000,
          90.00000,
          90.00000
        ]
      },
      "atomic positions": {
        "value": [
"Fe1(4f)",
0.75000,
0.25000,
0.70315,
"Fe2(2b)",
0.75000,
0.25000,
0.50000,
"Fe3(2c)",
0.25000,
0.25000,
0.80559,
"Fe4(2c)",
0.25000,
0.25000,
0.60314,
"Fe5(4f)",
0.75000,
0.25000,
0.09324,
"Fe6(2c)",
0.25000,
0.25000,
-0.00055,
"Ta1(2c)",
0.25000,
0.25000,
0.40051,
"Ta2(2c)",
0.25000,
0.25000,
0.19375
]
      },
      "crystal info": {
        "value": "software VASP, k-points mesh 10x10x3, Ecut-off=410.533 eV, PAW_PBE, Fe_pv:PAW_PBE:02Aug2007, Ta_pv:PAW_PBE:07Sep2000, Pressure=0.0 kbar,temperature=0K"
      }
    },
    "thermodynamics": {
      "unit cell energy": {
        "value": -181.26307561
      },
      "unit cell formation enthalpy": {
        "value": -1.886277
      },
      "energy info": {
        "value": "software VASP, k-points mesh 10x10x3, Ecut-off=410.533 eV, PAW_PBE, Fe_pv:PAW_PBE:02Aug2007, Ta_pv:PAW_PBE:07Sep2000, Pressure=0.0 kbar,temperature=0K"
      },
      "interatomic potentials info": {
        "value": null
      },
      "magnetic free energy": {
        "value": null
      },
      "magnetic free energy info": {
        "value": null
      }
    },
    "magnetics": {
      "unit cell spin polarization": {
        "value": 30.337
      },
      "atomic spin specie": {
        "value": [
"1 Fe",
1.488,
"2 Fe",
1.488,
"3 Fe",
1.517,
"4 Fe",
1.517,
"5 Fe",
1.539,
"6 Fe",
1.539,
"7 Fe",
2.433,
"8 Fe",
2.433,
"9 Fe",
2.537,
"10 Fe",
2.537,
"11 Fe",
1.998,
"12 Fe",
1.998,
"13 Fe",
1.952,
"14 Fe",
1.952,
"15 Fe",
2.584,
"16 Fe",
2.584,
"17 Ta",
-0.396,
"18 Ta",
-0.396,
"19 Ta",
-0.484,
"20 Ta",
-0.484
]
      },
      "saturation magnetization": {
        "value": 1.413
      },
      "magnetization temperature": {
        "value": 0
      },
      "magnetization info": {
        "value": "software VASP, k-points mesh 10x10x3, Ecut-off=410.533 eV, PAW_PBE, Fe_pv:PAW_PBE:02Aug2007, Ta_pv:PAW_PBE:07Sep2000, Pressure=0.0 kbar"
      },
      "magnetocrystalline anisotropy energy": {
        "value": null
      },
      "anisotropy energy type": {
        "value": null
      },
      "magnetocrystalline anisotropy constants": {
        "value": null
      },
      "kind of anisotropy": {
        "value": null
      },
      "anisotropy info": {
        "value": null
      },
      "exchange integrals": {
        "value": null
      },
      "exchange info": {
        "value": null
      },
      "magnetic order": {
        "value": null
      },
      "curie temperature": {
        "value": null
      },
      "curie temperature info": {
        "value": null
      },
      "anisotropy field": {
        "value": null
      },
      "remanence": {
        "value": null
      },
      "coercivity": {
        "value": null
      },
      "energy product": {
        "value": null
      },
      "hysteresis info": {
        "value": null
      },
      "domain wall width": {
        "value": null
      },
      "domain wall info": {
        "value": null
      },
      "exchange stiffness": {
        "value": null
      },
      "exchange stiffness info": {
        "value": null
      }
    },
    "additional information": {
      "authors": {
        "value": ["ICCRAM"]
      },
      "reference": {
        "value": null
      },
      "comments": {
        "value": null
      },
      "attached files": {
        "value": ["Fe16Ta4_#129_1.cif", "CONTCAR_Fe16Ta4_#129_1"]
      },
      "attached files info": {
        "value": null
      }
    }
  }
}
