{
  "name": "NOVAMAG_theory_ICCRAM_Fe20Ta4_#139_1",
  "properties": {
    "approach": {
      "value": "theory"
    },
    "summary": {
      "value": "AGA, crystal, energy, magnetization"
    },
    "chemistry": {
      "chemical formula": {
        "value": "Fe20Ta4"
      },
      "production info": {
        "value": "obtained by Adaptive Genetic Algorithm Structure Prediction Methods,  software USPEX+VASP"
      }
    },
    "crystal": {
      "compound space group": {
        "value": 139
      },
      "unit cell volume": {
        "value": 296.023410
      },
      "lattice parameters": {
        "value": [
          4.10895,
          4.10895,
          17.53333
        ]
      },
      "lattice angles": {
        "value": [
          90.00000,
          90.00000,
          90.00000
        ]
      },
      "atomic positions": {
        "value": [
"Fe1(4e)",
0.00000,
0.00000,
0.83631,
"Fe2(4d)",
0.00000,
0.50000,
0.25000,
"Fe3(2a)",
0.00000,
0.00000,
0.00000,
"Fe4(8g)",
0.00000,
0.50000,
-0.07925,
"Fe5(2b)",
0.00000,
0.00000,
0.50000,
"Ta1(4e)",
0.00000,
0.00000,
0.33472
]
      },
      "crystal info": {
        "value": "software VASP, k-points mesh 10x10x2, Ecut-off=410.533 eV, PAW_PBE, Fe_pv:PAW_PBE:02Aug2007, Ta_pv:PAW_PBE:07Sep2000, Pressure=0.0 kbar,temperature=0K"
      }
    },
    "thermodynamics": {
      "unit cell energy": {
        "value": -214.38466789
      },
      "unit cell formation enthalpy": {
        "value": -1.976628
      },
      "energy info": {
        "value": "software VASP, k-points mesh 10x10x2, Ecut-off=410.533 eV, PAW_PBE, Fe_pv:PAW_PBE:02Aug2007, Ta_pv:PAW_PBE:07Sep2000, Pressure=0.0 kbar,temperature=0K"
      },
      "interatomic potentials info": {
        "value": null
      },
      "magnetic free energy": {
        "value": null
      },
      "magnetic free energy info": {
        "value": null
      }
    },
    "magnetics": {
      "unit cell spin polarization": {
        "value": 40.333
      },
      "atomic spin specie": {
        "value": [
"1 Fe",
2.460,
"2 Fe",
2.460,
"3 Fe",
2.460,
"4 Fe",
2.460,
"5 Fe",
1.598,
"6 Fe",
1.598,
"7 Fe",
1.598,
"8 Fe",
1.598,
"9 Fe",
2.516,
"10 Fe",
2.516,
"11 Fe",
1.980,
"12 Fe",
1.980,
"13 Fe",
1.944,
"14 Fe",
1.944,
"15 Fe",
1.980,
"16 Fe",
1.980,
"17 Fe",
1.944,
"18 Fe",
1.944,
"19 Fe",
2.618,
"20 Fe",
2.618,
"21 Ta",
-0.466,
"22 Ta",
-0.466,
"23 Ta",
-0.466,
"24 Ta",
-0.466
]
      },
      "saturation magnetization": {
        "value": 1.587
      },
      "magnetization temperature": {
        "value": 0
      },
      "magnetization info": {
        "value": "software VASP, k-points mesh 10x10x2, Ecut-off=410.533 eV, PAW_PBE, Fe_pv:PAW_PBE:02Aug2007, Ta_pv:PAW_PBE:07Sep2000, Pressure=0.0 kbar"
      },
      "magnetocrystalline anisotropy energy": {
        "value": null
      },
      "anisotropy energy type": {
        "value": null
      },
      "magnetocrystalline anisotropy constants": {
        "value": null
      },
      "kind of anisotropy": {
        "value": null
      },
      "anisotropy info": {
        "value": null
      },
      "exchange integrals": {
        "value": null
      },
      "exchange info": {
        "value": null
      },
      "magnetic order": {
        "value": null
      },
      "curie temperature": {
        "value": null
      },
      "curie temperature info": {
        "value": null
      },
      "anisotropy field": {
        "value": null
      },
      "remanence": {
        "value": null
      },
      "coercivity": {
        "value": null
      },
      "energy product": {
        "value": null
      },
      "hysteresis info": {
        "value": null
      },
      "domain wall width": {
        "value": null
      },
      "domain wall info": {
        "value": null
      },
      "exchange stiffness": {
        "value": null
      },
      "exchange stiffness info": {
        "value": null
      }
    },
    "additional information": {
      "authors": {
        "value": ["ICCRAM"]
      },
      "reference": {
        "value": null
      },
      "comments": {
        "value": null
      },
      "attached files": {
        "value": ["Fe20Ta4_#139_1.cif", "CONTCAR_Fe20Ta4_#139_1"]
      },
      "attached files info": {
        "value": null
      }
    }
  }
}
