{
  "name": "NOVAMAG_theory_ICCRAM_Fe5Ta1_#216_1",
  "properties": {
    "approach": {
      "value": "theory"
    },
    "summary": {
      "value": "AGA, crystal, energy, magnetization"
    },
    "chemistry": {
      "chemical formula": {
        "value": "Fe5Ta1"
      },
      "production info": {
        "value": "obtained by Adaptive Genetic Algorithm Structure Prediction Methods,  software USPEX+VASP"
      }
    },
    "crystal": {
      "compound space group": {
        "value": 216
      },
      "unit cell volume": {
        "value": 74.359234
      },
      "lattice parameters": {
        "value": [
          6.67521,
          6.67521,
          6.67521
        ]
      },
      "lattice angles": {
        "value": [
          90.00000,
          90.00000,
          90.00000
        ]
      },
      "atomic positions": {
        "value": [
"Fe1(16e)",
0.37549,
0.37549,
0.37549,
"Fe2(4d)",
0.75000,
0.75000,
0.75000,
"Ta1(4a)",
0.00000,
0.00000,
0.00000
]
      },
      "crystal info": {
        "value": "software VASP, k-points mesh 10x10x10, Ecut-off=410.533 eV, PAW_PBE, Fe_pv:PAW_PBE:02Aug2007, Ta_pv:PAW_PBE:07Sep2000, Pressure=0.0 kbar,temperature=0K"
      }
    },
    "thermodynamics": {
      "unit cell energy": {
        "value": -53.73714651
      },
      "unit cell formation enthalpy": {
        "value": -0.635137
      },
      "energy info": {
        "value": "software VASP, k-points mesh 10x10x10, Ecut-off=410.533 eV, PAW_PBE, Fe_pv:PAW_PBE:02Aug2007, Ta_pv:PAW_PBE:07Sep2000, Pressure=0.0 kbar,temperature=0K"
      },
      "interatomic potentials info": {
        "value": null
      },
      "magnetic free energy": {
        "value": null
      },
      "magnetic free energy info": {
        "value": null
      }
    },
    "magnetics": {
      "unit cell spin polarization": {
        "value": 9.704
      },
      "atomic spin specie": {
        "value": [
"1 Fe",
1.919,
"2 Fe",
1.679,
"3 Fe",
1.905,
"4 Fe",
1.898,
"5 Fe",
2.740,
"6 Ta",
-0.437
]
      },
      "saturation magnetization": {
        "value": 1.520
      },
      "magnetization temperature": {
        "value": 0
      },
      "magnetization info": {
        "value": "software VASP, k-points mesh 10x10x10, Ecut-off=410.533 eV, PAW_PBE, Fe_pv:PAW_PBE:02Aug2007, Ta_pv:PAW_PBE:07Sep2000, Pressure=0.0 kbar"
      },
      "magnetocrystalline anisotropy energy": {
        "value": null
      },
      "anisotropy energy type": {
        "value": null
      },
      "magnetocrystalline anisotropy constants": {
        "value": null
      },
      "kind of anisotropy": {
        "value": null
      },
      "anisotropy info": {
        "value": null
      },
      "exchange integrals": {
        "value": null
      },
      "exchange info": {
        "value": null
      },
      "magnetic order": {
        "value": null
      },
      "curie temperature": {
        "value": null
      },
      "curie temperature info": {
        "value": null
      },
      "anisotropy field": {
        "value": null
      },
      "remanence": {
        "value": null
      },
      "coercivity": {
        "value": null
      },
      "energy product": {
        "value": null
      },
      "hysteresis info": {
        "value": null
      },
      "domain wall width": {
        "value": null
      },
      "domain wall info": {
        "value": null
      },
      "exchange stiffness": {
        "value": null
      },
      "exchange stiffness info": {
        "value": null
      }
    },
    "additional information": {
      "authors": {
        "value": ["ICCRAM"]
      },
      "reference": {
        "value": null
      },
      "comments": {
        "value": null
      },
      "attached files": {
        "value": ["Fe5Ta1_#216_1.cif", "CONTCAR_Fe5Ta1_#216_1"]
      },
      "attached files info": {
        "value": null
      }
    }
  }
}
