{
  "name": "NOVAMAG_theory_ICCRAM_Fe8Ta2_#166_1",
  "properties": {
    "approach": {
      "value": "theory"
    },
    "summary": {
      "value": "AGA, crystal, energy, magnetization"
    },
    "chemistry": {
      "chemical formula": {
        "value": "Fe8Ta2"
      },
      "production info": {
        "value": "obtained by Adaptive Genetic Algorithm Structure Prediction Methods,  software USPEX+VASP"
      }
    },
    "crystal": {
      "compound space group": {
        "value": 166
      },
      "unit cell volume": {
        "value": 124.842346
      },
      "lattice parameters": {
        "value": [
          4.13143,
          4.13143,
          25.33683
        ]
      },
      "lattice angles": {
        "value": [
          90.00000,
          90.00000,
          120.00000
        ]
      },
      "atomic positions": {
        "value": [
"Fe1(3a)",
0.00000,
0.00000,
0.00000,
"Fe2(3b)",
0.00000,
0.00000,
0.50000,
"Fe3(6c)",
0.00000,
0.00000,
0.10269,
"Fe4(6c)",
0.00000,
0.00000,
0.19872,
"Fe5(6c)",
0.00000,
0.00000,
0.69999,
"Ta1(6c)",
0.00000,
0.00000,
0.40059
]
      },
      "crystal info": {
        "value": "software VASP, k-points mesh 11x11x11, Ecut-off=410.533 eV, PAW_PBE, Fe_pv:PAW_PBE:02Aug2007, Ta_pv:PAW_PBE:07Sep2000, Pressure=0.0 kbar,temperature=0K"
      }
    },
    "thermodynamics": {
      "unit cell energy": {
        "value": -90.59390537
      },
      "unit cell formation enthalpy": {
        "value": -0.905506
      },
      "energy info": {
        "value": "software VASP, k-points mesh 11x11x11, Ecut-off=410.533 eV, PAW_PBE, Fe_pv:PAW_PBE:02Aug2007, Ta_pv:PAW_PBE:07Sep2000, Pressure=0.0 kbar,temperature=0K"
      },
      "interatomic potentials info": {
        "value": null
      },
      "magnetic free energy": {
        "value": null
      },
      "magnetic free energy info": {
        "value": null
      }
    },
    "magnetics": {
      "unit cell spin polarization": {
        "value": 15.053
      },
      "atomic spin specie": {
        "value": [
"1 Fe",
2.522,
"2 Fe",
1.785,
"3 Fe",
1.713,
"4 Fe",
1.715,
"5 Fe",
2.515,
"6 Fe",
2.513,
"7 Fe",
1.595,
"8 Fe",
1.597,
"9 Ta",
-0.450,
"10 Ta",
-0.451
]
      },
      "saturation magnetization": {
        "value": 1.404
      },
      "magnetization temperature": {
        "value": 0
      },
      "magnetization info": {
        "value": "software VASP, k-points mesh 11x11x11, Ecut-off=410.533 eV, PAW_PBE, Fe_pv:PAW_PBE:02Aug2007, Ta_pv:PAW_PBE:07Sep2000, Pressure=0.0 kbar"
      },
      "magnetocrystalline anisotropy energy": {
        "value": null
      },
      "anisotropy energy type": {
        "value": null
      },
      "magnetocrystalline anisotropy constants": {
        "value": null
      },
      "kind of anisotropy": {
        "value": null
      },
      "anisotropy info": {
        "value": null
      },
      "exchange integrals": {
        "value": null
      },
      "exchange info": {
        "value": null
      },
      "magnetic order": {
        "value": null
      },
      "curie temperature": {
        "value": null
      },
      "curie temperature info": {
        "value": null
      },
      "anisotropy field": {
        "value": null
      },
      "remanence": {
        "value": null
      },
      "coercivity": {
        "value": null
      },
      "energy product": {
        "value": null
      },
      "hysteresis info": {
        "value": null
      },
      "domain wall width": {
        "value": null
      },
      "domain wall info": {
        "value": null
      },
      "exchange stiffness": {
        "value": null
      },
      "exchange stiffness info": {
        "value": null
      }
    },
    "additional information": {
      "authors": {
        "value": ["ICCRAM"]
      },
      "reference": {
        "value": null
      },
      "comments": {
        "value": null
      },
      "attached files": {
        "value": ["Fe8Ta2_#166_1.cif", "CONTCAR_Fe8Ta2_#166_1"]
      },
      "attached files info": {
        "value": null
      }
    }
  }
}
