{
  "name": "NOVAMAG_theory_ICCRAM_Fe10Ta2_#129_1",
  "properties": {
    "approach": {
      "value": "theory"
    },
    "summary": {
      "value": "AGA, crystal, energy, magnetization"
    },
    "chemistry": {
      "chemical formula": {
        "value": "Fe10Ta2"
      },
      "production info": {
        "value": "obtained by Adaptive Genetic Algorithm Structure Prediction Methods,  software USPEX+VASP"
      }
    },
    "crystal": {
      "compound space group": {
        "value": 129
      },
      "unit cell volume": {
        "value": 147.597569
      },
      "lattice parameters": {
        "value": [
          4.10079,
          4.10079,
          8.77694
        ]
      },
      "lattice angles": {
        "value": [
          90.00000,
          90.00000,
          90.00000
        ]
      },
      "atomic positions": {
        "value": [
"Fe1(4f)",
0.75000,
0.25000,
0.84200,
"Fe2(2c)",
0.25000,
0.25000,
0.67371,
"Fe3(2b)",
0.75000,
0.25000,
0.50000,
"Fe4(2c)",
0.25000,
0.25000,
-0.00171,
"Ta1(2c)",
0.25000,
0.25000,
0.33021
]
      },
      "crystal info": {
        "value": "software VASP, k-points mesh 10x10x5, Ecut-off=410.533 eV, PAW_PBE, Fe_pv:PAW_PBE:02Aug2007, Ta_pv:PAW_PBE:07Sep2000, Pressure=0.0 kbar,temperature=0K"
      }
    },
    "thermodynamics": {
      "unit cell energy": {
        "value": -107.18972430
      },
      "unit cell formation enthalpy": {
        "value": -0.985705
      },
      "energy info": {
        "value": "software VASP, k-points mesh 10x10x5, Ecut-off=410.533 eV, PAW_PBE, Fe_pv:PAW_PBE:02Aug2007, Ta_pv:PAW_PBE:07Sep2000, Pressure=0.0 kbar,temperature=0K"
      },
      "interatomic potentials info": {
        "value": null
      },
      "magnetic free energy": {
        "value": null
      },
      "magnetic free energy info": {
        "value": null
      }
    },
    "magnetics": {
      "unit cell spin polarization": {
        "value": 19.848
      },
      "atomic spin specie": {
        "value": [
"1 Fe",
1.897,
"2 Fe",
1.897,
"3 Fe",
1.946,
"4 Fe",
1.946,
"5 Fe",
2.427,
"6 Fe",
2.427,
"7 Fe",
1.599,
"8 Fe",
1.599,
"9 Fe",
2.526,
"10 Fe",
2.526,
"11 Ta",
-0.471,
"12 Ta",
-0.471
]
      },
      "saturation magnetization": {
        "value": 1.566
      },
      "magnetization temperature": {
        "value": 0
      },
      "magnetization info": {
        "value": "software VASP, k-points mesh 10x10x5, Ecut-off=410.533 eV, PAW_PBE, Fe_pv:PAW_PBE:02Aug2007, Ta_pv:PAW_PBE:07Sep2000, Pressure=0.0 kbar"
      },
      "magnetocrystalline anisotropy energy": {
        "value": null
      },
      "anisotropy energy type": {
        "value": null
      },
      "magnetocrystalline anisotropy constants": {
        "value": null
      },
      "kind of anisotropy": {
        "value": null
      },
      "anisotropy info": {
        "value": null
      },
      "exchange integrals": {
        "value": null
      },
      "exchange info": {
        "value": null
      },
      "magnetic order": {
        "value": null
      },
      "curie temperature": {
        "value": null
      },
      "curie temperature info": {
        "value": null
      },
      "anisotropy field": {
        "value": null
      },
      "remanence": {
        "value": null
      },
      "coercivity": {
        "value": null
      },
      "energy product": {
        "value": null
      },
      "hysteresis info": {
        "value": null
      },
      "domain wall width": {
        "value": null
      },
      "domain wall info": {
        "value": null
      },
      "exchange stiffness": {
        "value": null
      },
      "exchange stiffness info": {
        "value": null
      }
    },
    "additional information": {
      "authors": {
        "value": ["ICCRAM"]
      },
      "reference": {
        "value": null
      },
      "comments": {
        "value": null
      },
      "attached files": {
        "value": null
      },
      "attached files info": {
        "value": null
      }
    }
  }
}
