{
  "name": "NOVAMAG_theory_ICCRAM_Fe14Ta2_#139_1",
  "properties": {
    "approach": {
      "value": "theory"
    },
    "summary": {
      "value": "AGA, crystal, energy, magnetization"
    },
    "chemistry": {
      "chemical formula": {
        "value": "Fe14Ta2"
      },
      "production info": {
        "value": "obtained by Adaptive Genetic Algorithm Structure Prediction Methods,  software USPEX+VASP"
      }
    },
    "crystal": {
      "compound space group": {
        "value": 139
      },
      "unit cell volume": {
        "value": 194.047979
      },
      "lattice parameters": {
        "value": [
          4.08091,
          4.08091,
          11.65184
        ]
      },
      "lattice angles": {
        "value": [
          90.00000,
          90.00000,
          90.00000
        ]
      },
      "atomic positions": {
        "value": [
"Fe1(8g)",
0.00000,
0.50000,
0.87004,
"Fe2(4e)",
0.00000,
0.00000,
0.75117,
"Fe3(2a)",
0.00000,
0.00000,
0.00000,
"Ta1(2b)",
0.00000,
0.00000,
0.50000
]
      },
      "crystal info": {
        "value": "software VASP, k-points mesh 10x10x3, Ecut-off=410.533 eV, PAW_PBE, Fe_pv:PAW_PBE:02Aug2007, Ta_pv:PAW_PBE:07Sep2000, Pressure=0.0 kbar,temperature=0K"
      }
    },
    "thermodynamics": {
      "unit cell energy": {
        "value": -140.35499869
      },
      "unit cell formation enthalpy": {
        "value": -1.119738
      },
      "energy info": {
        "value": "software VASP, k-points mesh 10x10x3, Ecut-off=410.533 eV, PAW_PBE, Fe_pv:PAW_PBE:02Aug2007, Ta_pv:PAW_PBE:07Sep2000, Pressure=0.0 kbar,temperature=0K"
      },
      "interatomic potentials info": {
        "value": null
      },
      "magnetic free energy": {
        "value": null
      },
      "magnetic free energy info": {
        "value": null
      }
    },
    "magnetics": {
      "unit cell spin polarization": {
        "value": 30.010
      },
      "atomic spin specie": {
        "value": [
"1 Fe",
2.047,
"2 Fe",
2.047,
"3 Fe",
1.995,
"4 Fe",
1.995,
"5 Fe",
2.047,
"6 Fe",
2.047,
"7 Fe",
1.995,
"8 Fe",
1.995,
"9 Fe",
2.556,
"10 Fe",
2.556,
"11 Fe",
2.556,
"12 Fe",
2.556,
"13 Fe",
2.350,
"14 Fe",
2.350,
"15 Ta",
-0.542,
"16 Ta",
-0.542
]
      },
      "saturation magnetization": {
        "value": 1.801
      },
      "magnetization temperature": {
        "value": 0
      },
      "magnetization info": {
        "value": "software VASP, k-points mesh 10x10x3, Ecut-off=410.533 eV, PAW_PBE, Fe_pv:PAW_PBE:02Aug2007, Ta_pv:PAW_PBE:07Sep2000, Pressure=0.0 kbar"
      },
      "magnetocrystalline anisotropy energy": {
        "value": null
      },
      "anisotropy energy type": {
        "value": null
      },
      "magnetocrystalline anisotropy constants": {
        "value": null
      },
      "kind of anisotropy": {
        "value": null
      },
      "anisotropy info": {
        "value": null
      },
      "exchange integrals": {
        "value": null
      },
      "exchange info": {
        "value": null
      },
      "magnetic order": {
        "value": null
      },
      "curie temperature": {
        "value": null
      },
      "curie temperature info": {
        "value": null
      },
      "anisotropy field": {
        "value": null
      },
      "remanence": {
        "value": null
      },
      "coercivity": {
        "value": null
      },
      "energy product": {
        "value": null
      },
      "hysteresis info": {
        "value": null
      },
      "domain wall width": {
        "value": null
      },
      "domain wall info": {
        "value": null
      },
      "exchange stiffness": {
        "value": null
      },
      "exchange stiffness info": {
        "value": null
      }
    },
    "additional information": {
      "authors": {
        "value": ["ICCRAM"]
      },
      "reference": {
        "value": null
      },
      "comments": {
        "value": null
      },
      "attached files": {
        "value": null
      },
      "attached files info": {
        "value": null
      }
    }
  }
}
