{
  "name": "NOVAMAG_theory_ICCRAM_Fe16Ta4_#62_1",
  "properties": {
    "approach": {
      "value": "theory"
    },
    "summary": {
      "value": "AGA, crystal, energy, magnetization"
    },
    "chemistry": {
      "chemical formula": {
        "value": "Fe16Ta4"
      },
      "production info": {
        "value": "obtained by Adaptive Genetic Algorithm Structure Prediction Methods,  software USPEX+VASP"
      }
    },
    "crystal": {
      "compound space group": {
        "value": 62
      },
      "unit cell volume": {
        "value": 246.247787
      },
      "lattice parameters": {
        "value": [
          7.88434,
          4.80207,
          6.50397
        ]
      },
      "lattice angles": {
        "value": [
          90.00000,
          90.00000,
          90.00000
        ]
      },
      "atomic positions": {
        "value": [
"Fe1(4c)",
0.74176,
0.25000,
0.09710,
"Fe2(8d)",
0.08377,
-0.01188,
0.65140,
"Fe3(4c)",
0.34127,
0.25000,
0.75986,
"Ta1(4c)",
0.10622,
0.25000,
0.03796
]
      },
      "crystal info": {
        "value": "software VASP, k-points mesh 5x8x6, Ecut-off=410.533 eV, PAW_PBE, Fe_pv:PAW_PBE:02Aug2007, Ta_pv:PAW_PBE:07Sep2000, Pressure=0.0 kbar,temperature=0K"
      }
    },
    "thermodynamics": {
      "unit cell energy": {
        "value": -181.09686783
      },
      "unit cell formation enthalpy": {
        "value": -1.720069
      },
      "energy info": {
        "value": "software VASP, k-points mesh 5x8x6, Ecut-off=410.533 eV, PAW_PBE, Fe_pv:PAW_PBE:02Aug2007, Ta_pv:PAW_PBE:07Sep2000, Pressure=0.0 kbar,temperature=0K"
      },
      "interatomic potentials info": {
        "value": null
      },
      "magnetic free energy": {
        "value": null
      },
      "magnetic free energy info": {
        "value": null
      }
    },
    "magnetics": {
      "unit cell spin polarization": {
        "value": 26.304
      },
      "atomic spin specie": {
        "value": [
"1 Fe",
1.872,
"2 Fe",
1.882,
"3 Fe",
1.872,
"4 Fe",
1.882,
"5 Fe",
1.697,
"6 Fe",
1.705,
"7 Fe",
1.674,
"8 Fe",
1.679,
"9 Fe",
1.697,
"10 Fe",
1.705,
"11 Fe",
1.674,
"12 Fe",
1.679,
"13 Fe",
1.698,
"14 Fe",
1.714,
"15 Fe",
1.698,
"16 Fe",
1.714,
"17 Ta",
-0.382,
"18 Ta",
-0.387,
"19 Ta",
-0.382,
"20 Ta",
-0.387
]
      },
      "saturation magnetization": {
        "value": 1.244
      },
      "magnetization temperature": {
        "value": 0
      },
      "magnetization info": {
        "value": "software VASP, k-points mesh 5x8x6, Ecut-off=410.533 eV, PAW_PBE, Fe_pv:PAW_PBE:02Aug2007, Ta_pv:PAW_PBE:07Sep2000, Pressure=0.0 kbar"
      },
      "magnetocrystalline anisotropy energy": {
        "value": null
      },
      "anisotropy energy type": {
        "value": null
      },
      "magnetocrystalline anisotropy constants": {
        "value": null
      },
      "kind of anisotropy": {
        "value": null
      },
      "anisotropy info": {
        "value": null
      },
      "exchange integrals": {
        "value": null
      },
      "exchange info": {
        "value": null
      },
      "magnetic order": {
        "value": null
      },
      "curie temperature": {
        "value": null
      },
      "curie temperature info": {
        "value": null
      },
      "anisotropy field": {
        "value": null
      },
      "remanence": {
        "value": null
      },
      "coercivity": {
        "value": null
      },
      "energy product": {
        "value": null
      },
      "hysteresis info": {
        "value": null
      },
      "domain wall width": {
        "value": null
      },
      "domain wall info": {
        "value": null
      },
      "exchange stiffness": {
        "value": null
      },
      "exchange stiffness info": {
        "value": null
      }
    },
    "additional information": {
      "authors": {
        "value": ["ICCRAM"]
      },
      "reference": {
        "value": null
      },
      "comments": {
        "value": null
      },
      "attached files": {
        "value": null
      },
      "attached files info": {
        "value": null
      }
    }
  }
}
